video_id,title,channel_name,country,upload_date,view_count,like_count,description,created_at
cuFkQBe26mM,ขับ ORA ไปลาว🇱🇦 มีขั้นตอนอย่างไร ชาร์จไฟที่ไหน ทริป เวียงจันทร์ วังเวียง หลวงพระบาง EP2,EV Review,LAO,2024-10-06,3852,61,"#ORAGOODCAT #เที่ยวลาว #รถไฟฟ้า #ชาร์จไฟที่ลาว #ขั้นตอนขับรถข้ามแดน

ขั้นตอนโดยละเอียดและเอกสาร  https://www.youtube.com/watch?v=hkwXjGE01c4&t=161s",2026-06-04 05:49:49.631881+00
nCMVe_m-PTc,ลงทุนเปิดสถานีชาร์จในลาวปีเดียวคืนทุน,BT beartai,LAO,2023-03-10,16717,367,"สำรวจตู้ชาร์จ LocaEV ตู้ชาร์จรถยนต์ไฟฟ้าจากประเทศลาว พร้อมสัมภาษณ์ผู้บริหาร Loca ทำอย่างไรคืนทุนได้ในปีเดียว!

ติดตามแบไต๋ กดเลย! https://cutt.ly/YTbeartai

================
ติดต่องานโฆษณา หรือ Production ได้ที่ 
🔔sales@shownolimit.com 
📱 To. 085-848-2253

ติดตามข่าวสารด้านไอที และไลฟ์สไตล์โดน ๆ ได้ที่
Facebook: https://facebook.com/beartai
Twitter:       https://twitter.com/beartai
Instagram: https://www.instagram.com/beartai.ig
TikTok:       https://www.tiktok.com/@beartai/
Website:     https:",2026-06-04 05:49:49.631881+00
6rw0NJdxgMs,"F***, no Motorcycle EV Chargers in Laos!🇱🇦",Marc Travels,LAO,2025-04-12,37638,3266,"I knew it was gonna be tough to find them in Laos 🇱🇦 Lucky I can plug her in anywhere! I explain the new charging strategy in the video and also the motor is getting worse and worse! Hopefully Eve is holding on a little longer! Also food in this one, you’re welcome🤪 Lets’s go! Ps. Little city racing with @gulsahdunyaturunda at the end;)

#electricmotorcycle #marctravels #adventure 

Subscribe to my channel: @MarcTravels 

Support on PATREON:
https://www.patreon.com/marctravels

Help out via PayP",2026-06-04 05:49:49.631881+00
nOpmGFkntb4,Our New Chinese Electric Car in Laos 🇱🇦,2Passports 1Dream,LAO,2022-11-12,78089,2942,"Today we are off on another Laos adventure! We’ve rented the most adorable and handy little electric car (Wuling Mini EV) to take us around the outskirts of Luang Prabang, here in Laos. In the last video, we strolled around the beautiful city centre of Luang Prabang, Lao (which, by the way, is a UNESCO world heritage site), ate some local Lao food, and enjoyed the most exquisite views! 

Whilst we were walking around the city we were asked about 1000 times if we wanted a tuk-tuk ride to Kuang Si",2026-06-04 05:49:49.631881+00
Jja5en9n9pw,ขับรถไปเที่ยวลาว🇱🇦ง่ายนิดเดียว รถไฟฟ้ายิ่งง่ายมาก LAOS THAI,THAI LAO together,LAO,2024-02-26,10433,354,"ขับรถไปเที่ยวลาว🇱🇦ง่ายนิดเดียว รถไฟฟ้ายิ่งง่ายมาก จุดชาร์จรถไฟฟ้าเยอะตลอดเส้นทาง
#LocaLaos #LocaTaxi #TheLocaSafer #LocaEV #locapay
visit laos year 2024
#laossimplybeautiful
#visitlaoyear2024
#thailaotogether
ไปไทยมาลาว ไปไหนไปกัน ไทยลาวไปด้วยกัน
#ความสัมพันธ์ #ไทยลาว #เที่ยวลาว #เที่ยวไทย
#laos #thai #thailaos #laothai #ไทยลาว #ลาวไทย
See less",2026-06-04 05:49:49.631881+00
moNqhkSmNNg,EV Charging in Thailand: Best to Worst Ranked! (2026 Shootout – Don't Waste Your Time!),My EV Journeys,THA,2026-02-19,910,32,"Thailand's EV charging scene is exploding in 2026 – but which network is actually the best for speed, price, reliability, and coverage?  I rank the 5 EV charging station companies in Thailand from BEST to WORST based on real-world testing: charging speeds, app usability, pricing, availability nationwide, and more!

Whether you're driving in Bangkok, heading upcountry, or planning long trips, this video saves you time, money, and frustration. I cover major players like PTT EV Station PluZ, PEA VO",2026-06-04 05:49:49.631881+00
1v6_XUd_H5E,ສາກລົດໄຟຟ້າກັບແອັບ LOCA EV,LOCA LAOS,LAO,2022-07-25,3936,45,"🚗 ແອັບສາກລົດໄຟຟ້າ Loca EV ເປັນລະບົບອັດຕະໂນມັດ 100% ເຕີມເງິນດ້ວຍລະຫັດ ຫລື ເຊື່ອມບັດເຄຣດິດໄດ້ ສຳລັບຄົນໃຊ້ລົດໄຟຟ້າທຸກຄົນທີ່ຕ້ອງມີໄວ້ເທິງໂທລະສັບ.
✅ ເບິ່ງຕູ້ສາກໂລກ້າໄດ້ທຸກບ່ອນ.
✅ ຮວບຮວມການສາກໄວ້ທີ່ແອັບດຽວ.
✅ ຈັດການທຸກຂັ້ນຕອນເລື່ອງການຊຳລະ.

ດາວໂຫຼດແອັບເລີຍ!
iOS: https://link.loca.la/LOCA-EV_appstore
Android: https://link.loca.la/LOCA-EV_playstore
Website: https://link.loca.la/ev_how-to

#LocaEV #LOCA #EV",2026-06-04 05:49:49.631881+00
QyHFDucrp-8,Ever charge at a supermarket now? #evcharging #ev #electriccar #electriccarcharger,EV CHARGING BOOTCAMP,LAO,2024-12-13,325077,3014,"",2026-06-04 05:49:49.631881+00
gZUiZ40QeCE,Lao firm interests in EV charging station,ESTATEDIA,LAO,2023-04-05,164,4,"PHNOM PENH: Senior officials from the Ministry of Public Works and Transport recently paid a visit by LOCA, a Laos-based company specializing in electric vehicle (EV) charging stations. The meeting was attended by leaders from the general department, as well as numerous professional officials.

Join telegram: https://t.me/estatedia

Full read: https://estatedia.com/economy/8187",2026-06-04 05:49:49.631881+00
GpgWQSTH2ew,ເຕີມເງິນເຂົ້າແອັບ LOCA EV,LOCA LAOS,LAO,2022-07-25,3287,42,"🚗 ແອັບສາກລົດໄຟຟ້າ Loca EV ເປັນລະບົບອັດຕະໂນມັດ 100% ເຕີມເງິນດ້ວຍລະຫັດ ຫລື ເຊື່ອມບັດເຄຣດິດໄດ້ ສຳລັບຄົນໃຊ້ລົດໄຟຟ້າທຸກຄົນທີ່ຕ້ອງມີໄວ້ເທິງໂທລະສັບ.
✅ ເບິ່ງຕູ້ສາກໂລກ້າໄດ້ທຸກບ່ອນ.
✅ ຮວບຮວມການສາກໄວ້ທີ່ແອັບດຽວ.
✅ ຈັດການທຸກຂັ້ນຕອນເລື່ອງການຊຳລະ.

ດາວໂຫຼດແອັບເລີຍ!
iOS: https://link.loca.la/LOCA-EV_appstore
Android: https://link.loca.la/LOCA-EV_playstore
Website: https://link.loca.la/ev_how-to

#LocaEV #LOCA #EV",2026-06-04 05:49:49.631881+00
j41GKdcPhMM,ສະໝັກບັນຊີແອັບ LOCA EV,LOCA LAOS,LAO,2022-07-25,2623,14,"🚗 ແອັບສາກລົດໄຟຟ້າ Loca EV ເປັນລະບົບອັດຕະໂນມັດ 100% ເຕີມເງິນດ້ວຍລະຫັດ ຫລື ເຊື່ອມບັດເຄຣດິດໄດ້ ສຳລັບຄົນໃຊ້ລົດໄຟຟ້າທຸກຄົນທີ່ຕ້ອງມີໄວ້ເທິງໂທລະສັບ.
✅ ເບິ່ງຕູ້ສາກໂລກ້າໄດ້ທຸກບ່ອນ.
✅ ຮວບຮວມການສາກໄວ້ທີ່ແອັບດຽວ.
✅ ຈັດການທຸກຂັ້ນຕອນເລື່ອງການຊຳລະ.

ດາວໂຫຼດແອັບເລີຍ!
iOS: https://link.loca.la/LOCA-EV_appstore
Android: https://link.loca.la/LOCA-EV_playstore
Website: https://link.loca.la/ev_how-to

#LocaEV #LOCA #EV",2026-06-04 05:49:49.631881+00
-iHoikHRO5Q,"라오스 현대차 전기차충전 크게 성장하는이유(엘브이엠씨홀딩스,오세영회장)불사조 #shorts",불사조,KOR,2023-10-14,6267,160,"#현대차 #기아 #불사조 #라오스 #라오스여행 #비엔티안 #방비엥 #루앙프라방 #블루라군 #라오비어
#코라오홀딩스 #오세영 #엘브이엠씨홀딩스 #라오스전기차 #전기차충전 
#콕콕마트 #신라면 #왕뚜껑 #붉닭 #태국 #방콕 #동남아 #미얀마 #동남아여행 #태국여행",2026-06-04 05:49:49.631881+00
a5faGbTpbqk,[라오스생활10]전기차 충전소,라오깨알,KOR,2024-06-18,599,5,#라오스 #라오스여행 #여행#자유여행 #전기차#전기차충전소#라오스 생활 #라오스한달살기#한달살기#라오스 정보#정보,2026-06-04 05:49:49.631881+00
7wOND2cPEJA,라오스 택시 - 3륜 EV(전기) 툭툭이 직접 타봤어요! 배터리 충전소 구경해볼게요~,엘브이엠씨홀딩스,KOR,2023-09-18,2825,142,"라오스에서 ""kok kok MOVE""라는 차량 호출 서비스 플랫폼을 런칭하려고 합니다. 
친환경 전기 3륜 툭툭이를 메인으로 서비스를 제공할 예정이라,
저희가 직접 시승도 해보고 충전소도 방문해보았어요. 

대중교통 수단이 거의 없는 라오스에 드디어 차량 호출 서비스가 생겨서 너무 기대 됩니다!!!

#라오스교통수단 #라오스툭툭 #라오스전기툭툭 #콕콕무브",2026-06-04 05:49:49.631881+00
99ZI6yDVOrA,2022년 라오스 전기차(중국) 화끈한 미녀와 모토쇼! 여러분이 생각하는 전기차는?,라오스요정 조인골프,KOR,2022-03-15,3784,163,Laos motor show,2026-06-04 05:49:49.631881+00
UkxclCFdLMA,"라오스 비엔티안 중국 전기차 12,300$",im 트래블러,KOR,2023-08-24,1078,9,"",2026-06-04 05:49:49.631881+00
D7b1KVmJ0Mk,Target 80 Ribu Charging Station & battery swap: Seberapa Serius V-Green & VinFast Garap Indonesia?,Tribunnews,VNM,2026-02-24,3065,34,"Download aplikasi berita TribunX di Play Store atau App Store untuk dapatkan pengalaman baru

TRIBUN-VIDEO -  VinFast, pabrikan mobil listrik asal Vietnam, memasuki pasar Indonesia tidak hanya dengan mobil, tetapi juga membawa ekosistem lengkap melalui anak perusahaannya, V-Green. 

V-Green Indonesia merupakan perusahaan pengembang infrastruktur pengisian daya kendaraan listrik yang berada di bawah naungan Vingroup dengan peran mendukung ekosistem kendaraan listrik VinFast di Indonesia.

Dalam s",2026-06-04 05:49:49.631881+00
hArnl8kI7DI,Vinfast Limo Green - 7 chỗ và sạc miễn phí có bù cho sự hời hợt của vô lăng và nghèo nàn nội thất?,XeVuiVietNam,VNM,2025-08-06,35896,549,"Hôm nay, chúng ta sẽ cùng mổ xẻ một mẫu xe điện đang gây sốt trên thị trường: Vinfast Limo Green. Được mệnh danh là ""át chủ bài"" trong phân khúc taxi điện 7 chỗ, Limo Green hứa hẹn sẽ thay đổi cuộc chơi với những ưu thế cực lớn.

Tuy nhiên, liệu những điểm cộng như sạc pin miễn phí tại V-Green đến 2027 và không gian 7 chỗ rộng rãi có đủ sức bù đắp cho những điểm trừ về nội thất đơn giản và cảm giác vô lăng hời hợt không? Đây là câu hỏi mà rất nhiều bác tài và doanh nghiệp vận tải đang băn khoăn.",2026-06-04 05:49:49.631881+00
mrO6g8cX4pM,VinFast: The Vietnam EV review #vf7 #car,The Viral Beans,VNM,2026-02-17,7683,0,"vinfast VF7 range test video https://youtu.be/xYWMcKIG0Uo?si=OvHCY-i-y0-ygXJ_
VinFast: The Vietnam
VinFast — Vietnam ka electric vehicle revolution! 🇻🇳⚡
From being a brand nobody knew…
to launching EV cars & SUVs in global markets — USA, Europe & beyond.
Ye company sirf cars nahi bana rahi…
wo EV ecosystem build kar rahi hai —
batteries, charging networks, software & modern design.
VinFast ka mission simple hai:
Affordable EVs with cutting-edge tech.
Aur vision?
Vietnam ko EV powerhouse banana ⚡",2026-06-04 05:49:49.631881+00
7Lm-Rpw0Zl0,Được gì & mất gì khi mua Vinfast Limo Green?,Xế Cưng,VNM,2025-10-02,140686,1112,"Anh em cùng join group và like fanpage Xế Cưng để cùng cập nhật, trao đổi những thông tin và tin tức về xe.
Fanpage: https://www.facebook.com/xecungyeuxenhuvo
Group: https://www.facebook.com/groups/xecung

Liên hệ công việc: xecung.contact@gmail.com hoặc sđt: 0968179883 
#xếcưng #limogreen",2026-06-04 05:49:49.631881+00
0TZjJ4OCunU,"VinFast Limo Green - Xe điện 7 chỗ cạnh tranh Xpander, Veloz Cross #shorts",XE ĐỜI SỐNG,VNM,2025-08-05,5145,59,"✔ Please SUBSCRIBE
https://www.youtube.com/xedoisongvn
✔ Xem ĐÁNH GIÁ xe mới nhất của Xedoisong.vn
 http://xedoisong.vn/thu-xe/ 
✔ fanpage chính thức của Xedoisong.vn 
https://www.facebook.com/xedoisong.vn/

- Đánh giá, trải nghiệm
- Giá bán  Việt Nam
- Xedoisong
- Chi tiết 
- Review

© Bản quyền thuộc về Xedoisong.vn, Việt Nam
© Copyright by Xedoisong.vn ☞ Do not Reup

#Xedoisong",2026-06-04 05:49:49.631881+00
